"","pear_corr","KCC","COCO","CKA"
"1",0.490711438105344,0.502435503158611,0.150389825534389,0.100978540098876
