"X","Ncusts1","Ncusts2"
0.880620152858746,25,0
-0.534005640191378,49,0
-1.41679765295987,13,0
-1.87856685449875,3,0
-2.26136695477294,42,0
0.299630262442322,12,0
-0.933919213573452,7,0
-0.451749549185706,9,0
0.403126644862494,26,0
-1.97404764439363,8,0
-0.676117388790432,6,0
1.37218656843293,0,2
0.791727651385494,0,1
0.861154288691041,0,1
0.00166622008193495,0,1
