"X","Ncusts1","Ncusts2"
0.609274732880294,1,10
0.666083758231252,8,0
0.810598552459851,1,0
